Time (s),Axis 0 Position (cm),Axis 0 Velocity (cm/s),Axis 1 Position (cm),Axis 1 Velocity (cm/s)
0.0,0.0,0.0,0.0,1.0
3.3333333333333335,2.8867513459481287,-0.1811721474121598,-1.6666666666666676,-2.313799364234218
3.3333333333333335,-5.77350269189626,-2.9604205061776327,-3.3333333333333313,3.1275987284684375
3.3333333333333335,-2.4492935982947065e-15,6.283185307179586,10.0,1.0000000000000016
3.3333333333333335,11.547005383792513,-3.3227648010019593,-6.6666666666666785,-7.75519745693687
3.3333333333333335,-14.433756729740645,-6.102013159767425,-8.33333333333333,8.56899682117109
