Time (s),Axis 0 Position (cm),Axis 0 Velocity (cm/s)
0.0,0.0,6.283185307179586
3.3333333333333335,8.660254037844386,-3.1415926535897944
6.666666666666667,-8.660254037844389,-3.141592653589791
10.0,-2.4492935982947065e-15,6.283185307179586
13.333333333333334,8.660254037844382,-3.141592653589798
16.666666666666668,-8.660254037844387,-3.1415926535897922
