Time (s),Axis 1 Position (cm)
0.0,0.0
3.3333333333333335,8.660254037844386
6.666666666666667,-8.660254037844389
10.0,-2.4492935982947065e-15
13.333333333333334,8.660254037844382
16.666666666666668,-8.660254037844387
