Time (s),Axis 1 Position (cm)
0.0,0.0
3.3333333333333335,8.660254037844386
3.3333333333333335,-8.660254037844389
3.3333333333333335,-2.4492935982947065e-15
3.3333333333333335,8.660254037844382
3.3333333333333335,-8.660254037844387
