Time (s),Axis 1 Position (cm),Axis 2 Position (cm)
0.0,0.0,0.0
3.3333333333333335,2.8867513459481287,-1.6666666666666676
6.666666666666667,-5.77350269189626,-3.3333333333333313
10.0,-2.4492935982947065e-15,10.0
13.333333333333334,11.547005383792513,-6.6666666666666785
16.666666666666668,-14.433756729740645,-8.33333333333333
