Time (s),Axis 1 Velocity (cm/s),Axis 2 Velocity (cm/s)
0.0,0.0,1.0
3.3333333333333335,-0.1811721474121598,-2.313799364234218
6.666666666666667,-2.9604205061776327,3.1275987284684375
10.0,6.283185307179586,1.0000000000000016
13.333333333333334,-3.3227648010019593,-7.75519745693687
16.666666666666668,-6.102013159767425,8.56899682117109
