Time (s),Axis 1 Velocity (cm/s)
0.0,6.283185307179586
3.3333333333333335,-3.1415926535897944
6.666666666666667,-3.141592653589791
10.0,6.283185307179586
13.333333333333334,-3.141592653589798
16.666666666666668,-3.1415926535897922
