Time (s),Axis 1 Velocity (cm/s)
0.0,6.283185307179586
3.3333333333333335,-3.1415926535897944
3.3333333333333335,-3.141592653589791
3.3333333333333335,6.283185307179586
3.3333333333333335,-3.141592653589798
3.3333333333333335,-3.1415926535897922
