Axis 1 Position (cm),Axis 2 Position (cm),Axis 3 Position (cm)
0.0,0.0,0.0
2.8867513459481287,-1.6666666666666676,0.669872981077807
-5.77350269189626,-3.3333333333333313,2.5000000000000004
-2.4492935982947065e-15,10.0,4.999999999999999
11.547005383792513,-6.6666666666666785,7.500000000000001
-14.433756729740645,-8.33333333333333,9.330127018922195
